file,index,orig_id,new_id
Bonus File 33 - The 'Impossible' Questions.json,0,3001,103001
Bonus File 33 - The 'Impossible' Questions.json,1,3002,103002
Bonus File 33 - The 'Impossible' Questions.json,2,3003,103003
"Data Block 1 - Installation (NFPA 13, 13D, 13R).json",0,101,200101
"Data Block 1 - Installation (NFPA 13, 13D, 13R).json",1,102,200102
"Data Block 1 - Installation (NFPA 13, 13D, 13R).json",2,103,200103
"Data Block 1 - Installation (NFPA 13, 13D, 13R).json",3,104,200104
"Data Block 1 - Installation (NFPA 13, 13D, 13R).json",4,105,200105
"Data Block 1 - Installation (NFPA 13, 13D, 13R).json",5,106,200106
"Data Block 1 - Installation (NFPA 13, 13D, 13R).json",6,107,200107
"Data Block 1 - Installation (NFPA 13, 13D, 13R).json",7,108,200108
"Data Block 1 - Installation (NFPA 13, 13D, 13R).json",8,109,200109
"Data Block 1 - Installation (NFPA 13, 13D, 13R).json",9,115,200115
"Data Block 1 - Installation (NFPA 13, 13D, 13R).json",10,116,200116
"Data Block 1 - Installation (NFPA 13, 13D, 13R).json",11,117,200117
"Data Block 1 - Installation (NFPA 13, 13D, 13R).json",12,118,200118
"Data Block 1 - Installation (NFPA 13, 13D, 13R).json",13,119,200119
"Data Block 1 - Installation (NFPA 13, 13D, 13R).json",14,122,200122
"Data Block 1 - Installation (NFPA 13, 13D, 13R).json",15,123,200123
"Data Block 1 - Installation (NFPA 13, 13D, 13R).json",16,1501,201501
"Data Block 1 - Installation (NFPA 13, 13D, 13R).json",17,1502,201502
"Data Block 1 - Installation (NFPA 13, 13D, 13R).json",18,2701,202701
"Data Block 1 - Installation (NFPA 13, 13D, 13R).json",19,2702,202702
"Data Block 1 - Installation (NFPA 13, 13D, 13R).json",20,1401,201401
"Data Block 1 - Installation (NFPA 13, 13D, 13R).json",21,1402,201402
"Data Block 2 - Inspection, Testing & Maintenance (NFPA 25).json",0,201,300201
"Data Block 2 - Inspection, Testing & Maintenance (NFPA 25).json",1,202,300202
"Data Block 2 - Inspection, Testing & Maintenance (NFPA 25).json",2,203,300203
"Data Block 2 - Inspection, Testing & Maintenance (NFPA 25).json",3,204,300204
"Data Block 2 - Inspection, Testing & Maintenance (NFPA 25).json",4,205,300205
"Data Block 2 - Inspection, Testing & Maintenance (NFPA 25).json",5,206,300206
"Data Block 2 - Inspection, Testing & Maintenance (NFPA 25).json",6,212,300212
"Data Block 2 - Inspection, Testing & Maintenance (NFPA 25).json",7,213,300213
"Data Block 2 - Inspection, Testing & Maintenance (NFPA 25).json",8,220,300220
"Data Block 2 - Inspection, Testing & Maintenance (NFPA 25).json",9,221,300221
"Data Block 2 - Inspection, Testing & Maintenance (NFPA 25).json",10,223,300223
"Data Block 2 - Inspection, Testing & Maintenance (NFPA 25).json",11,224,300224
"Data Block 2 - Inspection, Testing & Maintenance (NFPA 25).json",12,3101,303101
"Data Block 2 - Inspection, Testing & Maintenance (NFPA 25).json",13,3106,303106
"Data Block 3 - Equipment & Specialty Valves (NFPA 14, 20, 22, 24).json",0,301,400301
"Data Block 3 - Equipment & Specialty Valves (NFPA 14, 20, 22, 24).json",1,302,400302
"Data Block 3 - Equipment & Specialty Valves (NFPA 14, 20, 22, 24).json",2,303,400303
"Data Block 3 - Equipment & Specialty Valves (NFPA 14, 20, 22, 24).json",3,2601,402601
"Data Block 3 - Equipment & Specialty Valves (NFPA 14, 20, 22, 24).json",4,2603,402603
"Data Block 3 - Equipment & Specialty Valves (NFPA 14, 20, 22, 24).json",5,305,400305
"Data Block 3 - Equipment & Specialty Valves (NFPA 14, 20, 22, 24).json",6,1101,401101
"Data Block 3 - Equipment & Specialty Valves (NFPA 14, 20, 22, 24).json",7,1103,401103
"Data Block 3 - Equipment & Specialty Valves (NFPA 14, 20, 22, 24).json",8,311,400311
"Data Block 3 - Equipment & Specialty Valves (NFPA 14, 20, 22, 24).json",9,1001,401001
"Data Block 3 - Equipment & Specialty Valves (NFPA 14, 20, 22, 24).json",10,1004,401004
"Data Block 3 - Equipment & Specialty Valves (NFPA 14, 20, 22, 24).json",11,3201,403201
"Data Block 3 - Equipment & Specialty Valves (NFPA 14, 20, 22, 24).json",12,3202,403202
"Data Block 3 - Equipment & Specialty Valves (NFPA 14, 20, 22, 24).json",13,3203,403203
"Data Block 4 - Admin, MN Rules & Safety (299M, OSHA).json",0,207,500207
"Data Block 4 - Admin, MN Rules & Safety (299M, OSHA).json",1,208,500208
"Data Block 4 - Admin, MN Rules & Safety (299M, OSHA).json",2,209,500209
"Data Block 4 - Admin, MN Rules & Safety (299M, OSHA).json",3,210,500210
"Data Block 4 - Admin, MN Rules & Safety (299M, OSHA).json",4,211,500211
"Data Block 4 - Admin, MN Rules & Safety (299M, OSHA).json",5,401,500401
"Data Block 4 - Admin, MN Rules & Safety (299M, OSHA).json",6,313,500313
"Data Block 4 - Admin, MN Rules & Safety (299M, OSHA).json",7,314,500314
"Data Block 4 - Admin, MN Rules & Safety (299M, OSHA).json",8,404,500404
"Data Block 4 - Admin, MN Rules & Safety (299M, OSHA).json",9,3401,503401
"Data Block 4 - Admin, MN Rules & Safety (299M, OSHA).json",10,3403,503403
"Data Block 5 - Math, Physics & Jobsite Logic.json",0,110,600110
"Data Block 5 - Math, Physics & Jobsite Logic.json",1,111,600111
"Data Block 5 - Math, Physics & Jobsite Logic.json",2,113,600113
"Data Block 5 - Math, Physics & Jobsite Logic.json",3,114,600114
"Data Block 5 - Math, Physics & Jobsite Logic.json",4,501,600501
"Data Block 5 - Math, Physics & Jobsite Logic.json",5,502,600502
"Data Block 5 - Math, Physics & Jobsite Logic.json",6,505,600505
"Data Block 5 - Math, Physics & Jobsite Logic.json",7,506,600506
"Data Block 5 - Math, Physics & Jobsite Logic.json",8,1801,601801
"Data Block 5 - Math, Physics & Jobsite Logic.json",9,4001,604001
"Data Block 5 - Math, Physics & Jobsite Logic.json",10,4002,604002
"File 1 - Installation & Design (NFPA 13, 13D, 13R).json",0,101,700101
"File 1 - Installation & Design (NFPA 13, 13D, 13R).json",1,102,700102
"File 1 - Installation & Design (NFPA 13, 13D, 13R).json",2,103,700103
"File 1 - Installation & Design (NFPA 13, 13D, 13R).json",3,104,700104
"File 1 - Installation & Design (NFPA 13, 13D, 13R).json",4,105,700105
"File 1 - Installation & Design (NFPA 13, 13D, 13R).json",5,106,700106
"File 1 - Installation & Design (NFPA 13, 13D, 13R).json",6,107,700107
"File 1 - Installation & Design (NFPA 13, 13D, 13R).json",7,108,700108
"File 1 - Installation & Design (NFPA 13, 13D, 13R).json",8,109,700109
"File 1 - Installation & Design (NFPA 13, 13D, 13R).json",9,110,700110
"File 1 - Installation & Design (NFPA 13, 13D, 13R).json",10,111,700111
"File 1 - Installation & Design (NFPA 13, 13D, 13R).json",11,112,700112
"File 1 - Installation & Design (NFPA 13, 13D, 13R).json",12,113,700113
"File 1 - Installation & Design (NFPA 13, 13D, 13R).json",13,114,700114
"File 1 - Installation & Design (NFPA 13, 13D, 13R).json",14,115,700115
"File 1 - Installation & Design (NFPA 13, 13D, 13R).json",15,116,700116
"File 1 - Installation & Design (NFPA 13, 13D, 13R).json",16,117,700117
"File 1 - Installation & Design (NFPA 13, 13D, 13R).json",17,118,700118
"File 1 - Installation & Design (NFPA 13, 13D, 13R).json",18,119,700119
"File 1 - Installation & Design (NFPA 13, 13D, 13R).json",19,120,700120
"File 1 - Installation & Design (NFPA 13, 13D, 13R).json",20,121,700121
"File 1 - Installation & Design (NFPA 13, 13D, 13R).json",21,122,700122
"File 1 - Installation & Design (NFPA 13, 13D, 13R).json",22,123,700123
File 10 - The 'Math & Formula' Cheat Sheet.json,0,701,800701
File 10 - The 'Math & Formula' Cheat Sheet.json,1,702,800702
File 10 - The 'Math & Formula' Cheat Sheet.json,2,703,800703
File 10 - The 'Math & Formula' Cheat Sheet.json,3,704,800704
File 10 - The 'Math & Formula' Cheat Sheet.json,4,705,800705
File 10 - The 'Math & Formula' Cheat Sheet.json,5,706,800706
File 10 - The 'Math & Formula' Cheat Sheet.json,6,707,800707
File 10 - The 'Math & Formula' Cheat Sheet.json,7,708,800708
File 11 - The 'Minnesota Traps' & Common Mistakes.json,0,801,900801
File 11 - The 'Minnesota Traps' & Common Mistakes.json,1,802,900802
File 11 - The 'Minnesota Traps' & Common Mistakes.json,2,803,900803
File 11 - The 'Minnesota Traps' & Common Mistakes.json,3,804,900804
File 11 - The 'Minnesota Traps' & Common Mistakes.json,4,805,900805
File 11 - The 'Minnesota Traps' & Common Mistakes.json,5,806,900806
File 11 - The 'Minnesota Traps' & Common Mistakes.json,6,807,900807
File 11 - The 'Minnesota Traps' & Common Mistakes.json,7,808,900808
File 12 - Seismic Bracing & Sway.json,0,901,1000901
File 12 - Seismic Bracing & Sway.json,1,902,1000902
File 12 - Seismic Bracing & Sway.json,2,903,1000903
File 12 - Seismic Bracing & Sway.json,3,904,1000904
File 12 - Seismic Bracing & Sway.json,4,905,1000905
File 12 - Seismic Bracing & Sway.json,5,906,1000906
File 12 - Seismic Bracing & Sway.json,6,907,1000907
File 12 - Seismic Bracing & Sway.json,7,908,1000908
File 13 - Underground & Thrust Blocks (NFPA 24).json,0,1001,1101001
File 13 - Underground & Thrust Blocks (NFPA 24).json,1,1002,1101002
File 13 - Underground & Thrust Blocks (NFPA 24).json,2,1003,1101003
File 13 - Underground & Thrust Blocks (NFPA 24).json,3,1004,1101004
File 13 - Underground & Thrust Blocks (NFPA 24).json,4,1005,1101005
File 13 - Underground & Thrust Blocks (NFPA 24).json,5,1006,1101006
File 14 - Fire Pumps Advanced (NFPA 20).json,0,1101,1201101
File 14 - Fire Pumps Advanced (NFPA 20).json,1,1102,1201102
File 14 - Fire Pumps Advanced (NFPA 20).json,2,1103,1201103
File 14 - Fire Pumps Advanced (NFPA 20).json,3,1104,1201104
File 14 - Fire Pumps Advanced (NFPA 20).json,4,1105,1201105
File 14 - Fire Pumps Advanced (NFPA 20).json,5,1106,1201106
File 15 - Plan Reading & Symbols (Field Knowledge).json,0,1201,1301201
File 15 - Plan Reading & Symbols (Field Knowledge).json,1,1202,1301202
File 15 - Plan Reading & Symbols (Field Knowledge).json,2,1203,1301203
File 15 - Plan Reading & Symbols (Field Knowledge).json,3,1204,1301204
File 15 - Plan Reading & Symbols (Field Knowledge).json,4,1205,1301205
File 15 - Plan Reading & Symbols (Field Knowledge).json,5,1206,1301206
File 16 - Final 'Cram' Facts.json,0,1301,1401301
File 16 - Final 'Cram' Facts.json,1,1302,1401302
File 16 - Final 'Cram' Facts.json,2,1303,1401303
File 16 - Final 'Cram' Facts.json,3,1304,1401304
File 16 - Final 'Cram' Facts.json,4,1305,1401305
File 17 - Storage & Special Hazards (NFPA 13).json,0,1401,1501401
File 17 - Storage & Special Hazards (NFPA 13).json,1,1402,1501402
File 17 - Storage & Special Hazards (NFPA 13).json,2,1403,1501403
File 17 - Storage & Special Hazards (NFPA 13).json,3,1404,1501404
File 17 - Storage & Special Hazards (NFPA 13).json,4,1405,1501405
File 17 - Storage & Special Hazards (NFPA 13).json,5,1406,1501406
File 18 - The 'Three Times Rule' & Obstructions (NFPA 13).json,0,1501,1601501
File 18 - The 'Three Times Rule' & Obstructions (NFPA 13).json,1,1502,1601502
File 18 - The 'Three Times Rule' & Obstructions (NFPA 13).json,2,1503,1601503
File 18 - The 'Three Times Rule' & Obstructions (NFPA 13).json,3,1504,1601504
File 18 - The 'Three Times Rule' & Obstructions (NFPA 13).json,4,1505,1601505
File 19 - System Acceptance & Flushing (NFPA 13&24).json,0,1601,1701601
File 19 - System Acceptance & Flushing (NFPA 13&24).json,1,1602,1701602
File 19 - System Acceptance & Flushing (NFPA 13&24).json,2,1603,1701603
File 19 - System Acceptance & Flushing (NFPA 13&24).json,3,1604,1701604
File 19 - System Acceptance & Flushing (NFPA 13&24).json,4,1605,1701605
"File 2 - ITM, Rules & Admin (NFPA 25, MN Statutes).json",0,201,1800201
"File 2 - ITM, Rules & Admin (NFPA 25, MN Statutes).json",1,202,1800202
"File 2 - ITM, Rules & Admin (NFPA 25, MN Statutes).json",2,203,1800203
"File 2 - ITM, Rules & Admin (NFPA 25, MN Statutes).json",3,204,1800204
"File 2 - ITM, Rules & Admin (NFPA 25, MN Statutes).json",4,205,1800205
"File 2 - ITM, Rules & Admin (NFPA 25, MN Statutes).json",5,206,1800206
"File 2 - ITM, Rules & Admin (NFPA 25, MN Statutes).json",6,207,1800207
"File 2 - ITM, Rules & Admin (NFPA 25, MN Statutes).json",7,208,1800208
"File 2 - ITM, Rules & Admin (NFPA 25, MN Statutes).json",8,209,1800209
"File 2 - ITM, Rules & Admin (NFPA 25, MN Statutes).json",9,210,1800210
"File 2 - ITM, Rules & Admin (NFPA 25, MN Statutes).json",10,211,1800211
"File 2 - ITM, Rules & Admin (NFPA 25, MN Statutes).json",11,212,1800212
"File 2 - ITM, Rules & Admin (NFPA 25, MN Statutes).json",12,213,1800213
"File 2 - ITM, Rules & Admin (NFPA 25, MN Statutes).json",13,214,1800214
"File 2 - ITM, Rules & Admin (NFPA 25, MN Statutes).json",14,215,1800215
File 20 - Fire Alarm & Detection Interface (NFPA 72&13).json,0,1701,1901701
File 20 - Fire Alarm & Detection Interface (NFPA 72&13).json,1,1702,1901702
File 20 - Fire Alarm & Detection Interface (NFPA 72&13).json,2,1703,1901703
File 20 - Fire Alarm & Detection Interface (NFPA 72&13).json,3,1704,1901704
"File 21 - Corrosion, MIC & Obstructions (The 'System Killer' Deck).json",0,1801,2001801
"File 21 - Corrosion, MIC & Obstructions (The 'System Killer' Deck).json",1,1802,2001802
"File 21 - Corrosion, MIC & Obstructions (The 'System Killer' Deck).json",2,1803,2001803
"File 21 - Corrosion, MIC & Obstructions (The 'System Killer' Deck).json",3,1804,2001804
"File 21 - Corrosion, MIC & Obstructions (The 'System Killer' Deck).json",4,1805,2001805
File 22 - Vertical Shafts & Elevators (The 'High-Rise' Deck).json,0,1901,2101901
File 22 - Vertical Shafts & Elevators (The 'High-Rise' Deck).json,1,1902,2101902
File 22 - Vertical Shafts & Elevators (The 'High-Rise' Deck).json,2,1903,2101903
File 22 - Vertical Shafts & Elevators (The 'High-Rise' Deck).json,3,1904,2101904
File 22 - Vertical Shafts & Elevators (The 'High-Rise' Deck).json,4,1905,2101905
File 23 - Pump Theory & Troubleshooting (The 'Engineer' Deck).json,0,2001,2202001
File 23 - Pump Theory & Troubleshooting (The 'Engineer' Deck).json,1,2002,2202002
File 23 - Pump Theory & Troubleshooting (The 'Engineer' Deck).json,2,2003,2202003
File 23 - Pump Theory & Troubleshooting (The 'Engineer' Deck).json,3,2004,2202004
File 23 - Pump Theory & Troubleshooting (The 'Engineer' Deck).json,4,2005,2202005
File 24 - Exposure Protection & Special Spray (The 'Niche' Deck).json,0,2101,2302101
File 24 - Exposure Protection & Special Spray (The 'Niche' Deck).json,1,2102,2302102
File 24 - Exposure Protection & Special Spray (The 'Niche' Deck).json,2,2103,2302103
File 24 - Exposure Protection & Special Spray (The 'Niche' Deck).json,3,2104,2302104
File 24 - Exposure Protection & Special Spray (The 'Niche' Deck).json,4,2105,2302105
File 25 - Residential Deep Dive (NFPA 13D & 13R).json,0,2201,2402201
File 25 - Residential Deep Dive (NFPA 13D & 13R).json,1,2202,2402202
File 25 - Residential Deep Dive (NFPA 13D & 13R).json,2,2203,2402203
File 25 - Residential Deep Dive (NFPA 13D & 13R).json,3,2204,2402204
File 25 - Residential Deep Dive (NFPA 13D & 13R).json,4,2205,2402205
File 26 - Service Work & Modifications (The 'Retrofit' Deck).json,0,2301,2502301
File 26 - Service Work & Modifications (The 'Retrofit' Deck).json,1,2302,2502302
File 26 - Service Work & Modifications (The 'Retrofit' Deck).json,2,2303,2502303
File 26 - Service Work & Modifications (The 'Retrofit' Deck).json,3,2304,2502304
File 26 - Service Work & Modifications (The 'Retrofit' Deck).json,4,2305,2502305
File 27 - System Mechanics & Hardware (How it Works).json,0,2401,2602401
File 27 - System Mechanics & Hardware (How it Works).json,1,2402,2602402
File 27 - System Mechanics & Hardware (How it Works).json,2,2403,2602403
File 27 - System Mechanics & Hardware (How it Works).json,3,2404,2602404
File 28 - The 'Final Boss' Scenarios (Complex Synthesis).json,0,2501,2702501
File 28 - The 'Final Boss' Scenarios (Complex Synthesis).json,1,2502,2702502
File 28 - The 'Final Boss' Scenarios (Complex Synthesis).json,2,2503,2702503
File 28 - The 'Final Boss' Scenarios (Complex Synthesis).json,3,2504,2702504
File 28 - The 'Final Boss' Scenarios (Complex Synthesis).json,4,2505,2702505
File 29 - Standpipe System Types (NFPA 14).json,0,2601,2802601
File 29 - Standpipe System Types (NFPA 14).json,1,2602,2802602
File 29 - Standpipe System Types (NFPA 14).json,2,2603,2802603
File 29 - Standpipe System Types (NFPA 14).json,3,2604,2802604
File 29 - Standpipe System Types (NFPA 14).json,4,2605,2802605
"File 3 - Equipment (Pumps, Standpipes, Underground, Safety).json",0,301,2900301
"File 3 - Equipment (Pumps, Standpipes, Underground, Safety).json",1,302,2900302
"File 3 - Equipment (Pumps, Standpipes, Underground, Safety).json",2,303,2900303
"File 3 - Equipment (Pumps, Standpipes, Underground, Safety).json",3,304,2900304
"File 3 - Equipment (Pumps, Standpipes, Underground, Safety).json",4,305,2900305
"File 3 - Equipment (Pumps, Standpipes, Underground, Safety).json",5,306,2900306
"File 3 - Equipment (Pumps, Standpipes, Underground, Safety).json",6,307,2900307
"File 3 - Equipment (Pumps, Standpipes, Underground, Safety).json",7,308,2900308
"File 3 - Equipment (Pumps, Standpipes, Underground, Safety).json",8,309,2900309
"File 3 - Equipment (Pumps, Standpipes, Underground, Safety).json",9,310,2900310
"File 3 - Equipment (Pumps, Standpipes, Underground, Safety).json",10,311,2900311
"File 3 - Equipment (Pumps, Standpipes, Underground, Safety).json",11,312,2900312
"File 3 - Equipment (Pumps, Standpipes, Underground, Safety).json",12,313,2900313
"File 3 - Equipment (Pumps, Standpipes, Underground, Safety).json",13,314,2900314
"File 3 - Equipment (Pumps, Standpipes, Underground, Safety).json",14,315,2900315
File 30 - Commodity Classification (NFPA 13).json,0,2701,3002701
File 30 - Commodity Classification (NFPA 13).json,1,2702,3002702
File 30 - Commodity Classification (NFPA 13).json,2,2703,3002703
File 30 - Commodity Classification (NFPA 13).json,3,2704,3002704
File 30 - Commodity Classification (NFPA 13).json,4,2705,3002705
File 30 - Commodity Classification (NFPA 13).json,5,2706,3002706
File 31 - Electrical & Controllers (NFPA 20&70).json,0,2801,3102801
File 31 - Electrical & Controllers (NFPA 20&70).json,1,2802,3102802
File 31 - Electrical & Controllers (NFPA 20&70).json,2,2803,3102803
File 31 - Electrical & Controllers (NFPA 20&70).json,3,2804,3102804
File 32 - Confined Space & Safety (OSHA).json,0,2901,3202901
File 32 - Confined Space & Safety (OSHA).json,1,2902,3202902
File 32 - Confined Space & Safety (OSHA).json,2,2903,3202903
File 32 - Confined Space & Safety (OSHA).json,3,2904,3202904
File 34 - The 'Exam Killer' Recovery (NFPA 25 ITM).json,0,3101,3303101
File 34 - The 'Exam Killer' Recovery (NFPA 25 ITM).json,1,3102,3303102
File 34 - The 'Exam Killer' Recovery (NFPA 25 ITM).json,2,3103,3303103
File 34 - The 'Exam Killer' Recovery (NFPA 25 ITM).json,3,3104,3303104
File 34 - The 'Exam Killer' Recovery (NFPA 25 ITM).json,4,3105,3303105
File 34 - The 'Exam Killer' Recovery (NFPA 25 ITM).json,5,3106,3303106
File 35 - Specialty Valves & Devices (Topic 12).json,0,3201,3403201
File 35 - Specialty Valves & Devices (Topic 12).json,1,3202,3403202
File 35 - Specialty Valves & Devices (Topic 12).json,2,3203,3403203
File 35 - Specialty Valves & Devices (Topic 12).json,3,3204,3403204
File 35 - Specialty Valves & Devices (Topic 12).json,4,3205,3403205
File 36 - Sprinkler Logic & Fittings (Topics 9 & 13).json,0,3301,3503301
File 36 - Sprinkler Logic & Fittings (Topics 9 & 13).json,1,3302,3503302
File 36 - Sprinkler Logic & Fittings (Topics 9 & 13).json,2,3303,3503303
File 36 - Sprinkler Logic & Fittings (Topics 9 & 13).json,3,3304,3503304
File 36 - Sprinkler Logic & Fittings (Topics 9 & 13).json,4,3305,3503305
File 36 - Sprinkler Logic & Fittings (Topics 9 & 13).json,5,3306,3503306
"File 37 - Contracts, Drawings & Specifications (Topic 1 & 3).json",0,3401,3603401
"File 37 - Contracts, Drawings & Specifications (Topic 1 & 3).json",1,3402,3603402
"File 37 - Contracts, Drawings & Specifications (Topic 1 & 3).json",2,3403,3603403
"File 37 - Contracts, Drawings & Specifications (Topic 1 & 3).json",3,3404,3603404
"File 37 - Contracts, Drawings & Specifications (Topic 1 & 3).json",4,3405,3603405
File 38 - Materials Handling & Jobsite Safety (Topic 5).json,0,3501,3703501
File 38 - Materials Handling & Jobsite Safety (Topic 5).json,1,3502,3703502
File 38 - Materials Handling & Jobsite Safety (Topic 5).json,2,3503,3703503
File 38 - Materials Handling & Jobsite Safety (Topic 5).json,3,3504,3703504
File 38 - Materials Handling & Jobsite Safety (Topic 5).json,4,3505,3703505
File 39 - The 'Day Before' Rapid Review (Numbers Only).json,0,3601,3803601
File 39 - The 'Day Before' Rapid Review (Numbers Only).json,1,3602,3803602
File 39 - The 'Day Before' Rapid Review (Numbers Only).json,2,3603,3803603
File 39 - The 'Day Before' Rapid Review (Numbers Only).json,3,3604,3803604
File 39 - The 'Day Before' Rapid Review (Numbers Only).json,4,3605,3803605
File 39 - The 'Day Before' Rapid Review (Numbers Only).json,5,3606,3803606
File 39 - The 'Day Before' Rapid Review (Numbers Only).json,6,3607,3803607
File 39 - The 'Day Before' Rapid Review (Numbers Only).json,7,3608,3803608
File 39 - The 'Day Before' Rapid Review (Numbers Only).json,8,3609,3803609
File 39 - The 'Day Before' Rapid Review (Numbers Only).json,9,3610,3803610
File 39 - The 'Day Before' Rapid Review (Numbers Only).json,10,3611,3803611
File 39 - The 'Day Before' Rapid Review (Numbers Only).json,11,3612,3803612
File 39 - The 'Day Before' Rapid Review (Numbers Only).json,12,3613,3803613
File 39 - The 'Day Before' Rapid Review (Numbers Only).json,13,3614,3803614
File 39 - The 'Day Before' Rapid Review (Numbers Only).json,14,3615,3803615
File 39 - The 'Day Before' Rapid Review (Numbers Only).json,15,3616,3803616
"File 4 - Installation Part 2 (Hangers, Materials, Obstructions).json",0,124,3900124
"File 4 - Installation Part 2 (Hangers, Materials, Obstructions).json",1,125,3900125
"File 4 - Installation Part 2 (Hangers, Materials, Obstructions).json",2,126,3900126
"File 4 - Installation Part 2 (Hangers, Materials, Obstructions).json",3,127,3900127
"File 4 - Installation Part 2 (Hangers, Materials, Obstructions).json",4,128,3900128
"File 4 - Installation Part 2 (Hangers, Materials, Obstructions).json",5,129,3900129
"File 4 - Installation Part 2 (Hangers, Materials, Obstructions).json",6,130,3900130
"File 4 - Installation Part 2 (Hangers, Materials, Obstructions).json",7,131,3900131
"File 4 - Installation Part 2 (Hangers, Materials, Obstructions).json",8,132,3900132
"File 4 - Installation Part 2 (Hangers, Materials, Obstructions).json",9,133,3900133
"File 4 - Installation Part 2 (Hangers, Materials, Obstructions).json",10,134,3900134
"File 4 - Installation Part 2 (Hangers, Materials, Obstructions).json",11,135,3900135
"File 4 - Installation Part 2 (Hangers, Materials, Obstructions).json",12,136,3900136
"File 4 - Installation Part 2 (Hangers, Materials, Obstructions).json",13,137,3900137
"File 4 - Installation Part 2 (Hangers, Materials, Obstructions).json",14,138,3900138
File 40 - The Break Room Deck.json,0,4001,4004001
File 40 - The Break Room Deck.json,1,4002,4004002
File 40 - The Break Room Deck.json,2,4003,4004003
File 40 - The Break Room Deck.json,3,4004,4004004
File 40 - The Break Room Deck.json,4,4005,4004005
"File 5 - ITM Part 2 (Testing, Maintenance, & Frequencies).json",0,216,4100216
"File 5 - ITM Part 2 (Testing, Maintenance, & Frequencies).json",1,217,4100217
"File 5 - ITM Part 2 (Testing, Maintenance, & Frequencies).json",2,218,4100218
"File 5 - ITM Part 2 (Testing, Maintenance, & Frequencies).json",3,219,4100219
"File 5 - ITM Part 2 (Testing, Maintenance, & Frequencies).json",4,220,4100220
"File 5 - ITM Part 2 (Testing, Maintenance, & Frequencies).json",5,221,4100221
"File 5 - ITM Part 2 (Testing, Maintenance, & Frequencies).json",6,222,4100222
"File 5 - ITM Part 2 (Testing, Maintenance, & Frequencies).json",7,223,4100223
"File 5 - ITM Part 2 (Testing, Maintenance, & Frequencies).json",8,224,4100224
"File 5 - ITM Part 2 (Testing, Maintenance, & Frequencies).json",9,225,4100225
"File 5 - ITM Part 2 (Testing, Maintenance, & Frequencies).json",10,226,4100226
"File 5 - ITM Part 2 (Testing, Maintenance, & Frequencies).json",11,227,4100227
"File 5 - ITM Part 2 (Testing, Maintenance, & Frequencies).json",12,228,4100228
"File 5 - ITM Part 2 (Testing, Maintenance, & Frequencies).json",13,229,4100229
"File 5 - ITM Part 2 (Testing, Maintenance, & Frequencies).json",14,230,4100230
File 6 -Advanced Installation & Special Components.json,0,139,4200139
File 6 -Advanced Installation & Special Components.json,1,140,4200140
File 6 -Advanced Installation & Special Components.json,2,141,4200141
File 6 -Advanced Installation & Special Components.json,3,142,4200142
File 6 -Advanced Installation & Special Components.json,4,143,4200143
File 6 -Advanced Installation & Special Components.json,5,144,4200144
File 6 -Advanced Installation & Special Components.json,6,145,4200145
File 6 -Advanced Installation & Special Components.json,7,146,4200146
File 6 -Advanced Installation & Special Components.json,8,147,4200147
File 6 -Advanced Installation & Special Components.json,9,148,4200148
File 6 -Advanced Installation & Special Components.json,10,149,4200149
File 6 -Advanced Installation & Special Components.json,11,150,4200150
"File 7 - MN Rules, Safety & Final Details.json",0,401,4300401
"File 7 - MN Rules, Safety & Final Details.json",1,402,4300402
"File 7 - MN Rules, Safety & Final Details.json",2,403,4300403
"File 7 - MN Rules, Safety & Final Details.json",3,404,4300404
"File 7 - MN Rules, Safety & Final Details.json",4,405,4300405
"File 7 - MN Rules, Safety & Final Details.json",5,406,4300406
"File 7 - MN Rules, Safety & Final Details.json",6,407,4300407
"File 7 - MN Rules, Safety & Final Details.json",7,408,4300408
"File 7 - MN Rules, Safety & Final Details.json",8,409,4300409
"File 7 - MN Rules, Safety & Final Details.json",9,410,4300410
"File 7 - MN Rules, Safety & Final Details.json",10,411,4300411
"File 7 - MN Rules, Safety & Final Details.json",11,412,4300412
"File 8 - Hydraulics, C-Factors & Math.json",0,501,4400501
"File 8 - Hydraulics, C-Factors & Math.json",1,502,4400502
"File 8 - Hydraulics, C-Factors & Math.json",2,503,4400503
"File 8 - Hydraulics, C-Factors & Math.json",3,504,4400504
"File 8 - Hydraulics, C-Factors & Math.json",4,505,4400505
"File 8 - Hydraulics, C-Factors & Math.json",5,506,4400506
"File 8 - Hydraulics, C-Factors & Math.json",6,507,4400507
"File 8 - Hydraulics, C-Factors & Math.json",7,508,4400508
"File 8 - Hydraulics, C-Factors & Math.json",8,509,4400509
"File 8 - Hydraulics, C-Factors & Math.json",9,510,4400510
File 9 - Definitions & Tricky Details.json,0,601,4500601
File 9 - Definitions & Tricky Details.json,1,602,4500602
File 9 - Definitions & Tricky Details.json,2,603,4500603
File 9 - Definitions & Tricky Details.json,3,604,4500604
File 9 - Definitions & Tricky Details.json,4,605,4500605
File 9 - Definitions & Tricky Details.json,5,606,4500606
File 9 - Definitions & Tricky Details.json,6,607,4500607
File 9 - Definitions & Tricky Details.json,7,608,4500608
File 9 - Definitions & Tricky Details.json,8,609,4500609
File 9 - Definitions & Tricky Details.json,9,610,4500610
File 9 - Definitions & Tricky Details.json,10,611,4500611
file1.json,0,1,4600001
file1.json,1,2,4600002
file1.json,2,3,4600003
file1.json,3,4,4600004
file1.json,4,5,4600005
file1.json,5,6,4600006
file1.json,6,7,4600007
file1.json,7,8,4600008
file1.json,8,9,4600009
file1.json,9,10,4600010
file1.json,10,11,4600011
file1.json,11,12,4600012
file1.json,12,13,4600013
file1.json,13,14,4600014
file1.json,14,15,4600015
file1.json,15,16,4600016
file1.json,16,17,4600017
file1.json,17,18,4600018
file1.json,18,19,4600019
file1.json,19,20,4600020
file1.json,20,21,4600021
file1.json,21,22,4600022
file1.json,22,23,4600023
file1.json,23,24,4600024
file1.json,24,25,4600025
file1.json,25,26,4600026
file1.json,26,27,4600027
file1.json,27,28,4600028
file1.json,28,29,4600029
file1.json,29,30,4600030
file1.json,30,31,4600031
file1.json,31,32,4600032
file1.json,32,33,4600033
file1.json,33,34,4600034
file1.json,34,35,4600035
file1.json,35,36,4600036
file1.json,36,37,4600037
file1.json,37,38,4600038
file1.json,38,39,4600039
file1.json,39,40,4600040
